{
  "project_info": {
    "project_number": "265761420813",
    "firebase_url": "https://svetoch-tula.firebaseio.com",
    "project_id": "svetoch-tula",
    "storage_bucket": "svetoch-tula.appspot.com"
  },
  "client": [
    {
      "client_info": {
        "mobilesdk_app_id": "1:265761420813:android:286437c2285fa4eb6d4744",
        "android_client_info": {
          "package_name": "com.example.svetoch"
        }
      },
      "oauth_client": [
        {
          "client_id": "265761420813-vu1jmqalu3m5rnjplb9a3g2iubpmnkni.apps.googleusercontent.com",
          "client_type": 1,
          "android_info": {
            "package_name": "com.example.svetoch",
            "certificate_hash": "8fb96b8eafc492b3d442a77c7eac93b605787f4d"
          }
        },
        {
          "client_id": "265761420813-hspam68fvok100gtuanlrdnlqj7nfigv.apps.googleusercontent.com",
          "client_type": 3
        }
      ],
      "api_key": [
        {
          "current_key": "AIzaSyA_5XSjrcKvhSwAfJyHCtWXk6NhdODQav8"
        }
      ],
      "services": {
        "appinvite_service": {
          "other_platform_oauth_client": [
            {
              "client_id": "265761420813-hspam68fvok100gtuanlrdnlqj7nfigv.apps.googleusercontent.com",
              "client_type": 3
            }
          ]
        }
      }
    }
  ],
  "configuration_version": "1"
}